time,ds4_rss_gib,wired_gib
00:28:03,1.66,31.34
00:28:08,1.66,31.31
00:28:13,1.71,30.91
00:28:18,1.72,30.34
00:28:23,1.94,30.83
00:28:28,2.16,30.21
00:28:33,2.16,30.98
00:28:38,2.21,31.23
00:28:43,2.21,31.21
00:28:48,2.21,30.34
00:28:53,2.21,30.34
00:28:58,2.21,30.98
00:29:03,2.21,31.48
00:29:08,2.21,30.91
00:29:13,2.21,30.91
00:29:18,2.21,30.86
00:29:23,2.21,30.21
00:29:28,2.22,30.75
00:29:34,2.31,30.73
00:29:39,2.39,30.73
00:29:44,2.39,30.16
00:29:49,2.61,30.16
00:29:54,2.61,30.16
00:29:59,2.82,30.16
00:30:04,2.83,30.98
00:30:09,2.92,31.24
00:30:14,2.92,30.91
00:30:19,2.92,30.91
00:30:24,2.92,30.34
00:30:29,2.92,30.34
00:30:34,2.92,30.34
00:30:39,2.92,30.86
00:30:44,2.92,30.22
00:30:49,2.92,30.20
00:30:54,2.92,30.73
00:30:59,2.92,30.73
00:31:04,2.92,30.16
00:31:09,2.92,30.16
00:31:14,2.92,30.16
00:31:19,3.05,30.73
00:31:24,3.05,30.73
00:31:29,3.05,30.16
00:31:34,3.26,30.73
00:31:39,3.27,30.73
00:31:44,3.27,30.18
00:31:50,3.48,30.16
00:31:55,3.48,30.16
00:32:00,3.48,30.30
00:32:05,3.70,30.73
00:32:10,3.70,30.16
00:32:15,3.70,30.16
00:32:20,3.70,30.73
00:32:25,3.92,30.18
00:32:30,3.92,30.16
00:32:35,3.92,30.73
00:32:40,3.92,30.35
00:32:45,4.14,30.18
00:32:50,4.14,30.16
00:32:55,4.14,30.16
00:33:00,4.14,31.31
00:33:05,4.29,31.35
00:33:10,4.29,30.91
00:33:15,4.29,30.91
00:33:20,4.29,30.91
00:33:25,4.29,30.90
00:33:30,4.29,30.34
00:33:35,4.29,30.82
00:33:40,4.29,30.41
00:33:45,4.29,30.74
00:33:50,4.29,30.74
00:33:55,4.29,30.17
00:34:00,4.29,30.66
00:34:05,4.29,30.74
00:34:10,4.29,30.74
00:34:15,4.29,30.17
00:34:21,4.29,30.17
00:34:26,4.29,30.17
00:34:31,4.29,30.52
00:34:36,4.29,30.17
00:34:41,4.29,30.88
00:34:46,4.29,30.16
00:34:51,4.29,30.73
00:34:56,4.29,30.16
00:35:01,4.29,30.67
00:35:06,4.29,30.73
00:35:11,4.29,30.16
00:35:16,4.29,30.16
00:35:21,4.29,30.73
00:35:26,4.29,30.18
00:35:31,4.29,30.17
00:35:36,4.29,30.73
00:35:41,4.29,30.73
00:35:46,4.29,30.16
00:35:51,4.29,30.16
00:35:56,4.29,30.16
00:36:01,4.29,30.67
00:36:06,4.36,30.18
00:36:11,4.36,30.73
00:36:16,4.36,30.73
00:36:21,4.36,30.73
00:36:26,4.57,30.17
00:36:31,4.57,30.16
00:36:36,4.57,30.16
00:36:42,4.57,30.16
00:36:47,4.57,30.16
00:36:52,4.79,30.36
00:36:57,4.79,30.16
00:37:02,4.79,30.71
00:37:07,4.79,30.16
00:37:12,4.79,30.16
00:37:17,5.00,30.17
00:37:22,5.00,30.73
00:37:27,5.01,30.73
00:37:32,5.01,30.73
00:37:37,5.01,30.73
00:37:42,5.01,30.18
00:37:47,5.22,30.18
00:37:52,5.22,30.18
00:37:57,5.22,30.16
00:38:02,5.22,30.28
00:38:07,5.22,30.16
00:38:12,5.44,30.17
00:38:17,5.44,30.16
00:38:22,5.44,30.18
00:38:27,5.44,30.18
00:38:32,5.44,30.16
00:38:37,5.44,30.16
00:38:42,5.65,30.37
00:38:47,5.65,30.97
00:38:52,5.67,31.23
00:38:57,5.67,30.90
00:39:02,5.67,31.02
00:39:08,5.67,30.34
00:39:13,5.67,30.34
00:39:18,5.67,30.34
00:39:23,5.67,30.91
00:39:28,5.67,30.30
00:39:33,5.67,30.23
00:39:38,5.67,30.18
00:39:43,5.67,30.73
00:39:48,5.67,30.16
00:39:53,5.67,30.16
00:39:58,5.67,30.16
00:40:03,5.67,30.16
00:40:08,5.67,30.73
00:40:13,5.67,30.17
00:40:18,5.67,30.06
00:40:23,5.67,30.17
00:40:28,5.67,30.17
00:40:33,5.67,30.18
00:40:38,5.67,30.18
00:40:43,5.67,30.17
00:40:48,5.67,30.17
00:40:53,5.67,30.17
00:40:58,5.67,30.19
00:41:03,5.67,30.72
00:41:08,5.67,30.15
00:41:13,5.67,30.15
00:41:18,5.67,30.74
00:41:24,5.67,30.15
00:41:29,5.67,30.15
00:41:34,5.67,30.18
00:41:39,5.67,30.25
00:41:44,5.67,30.72
00:41:49,5.67,30.74
00:41:54,5.67,30.72
00:41:59,5.67,30.15
00:42:04,5.67,30.15
00:42:09,5.67,30.17
00:42:14,5.67,30.17
00:42:19,5.67,30.15
00:42:24,5.67,30.15
00:42:29,5.67,30.15
00:42:34,5.67,30.17
00:42:39,5.67,30.17
00:42:44,5.67,30.17
00:42:49,5.67,30.15
00:42:54,5.67,30.17
00:42:59,5.67,30.36
00:43:04,5.67,30.31
00:43:09,5.67,30.16
00:43:14,5.67,30.16
00:43:19,5.67,30.16
00:43:24,5.67,30.17
00:43:29,5.67,30.72
00:43:34,5.67,30.18
00:43:39,5.67,30.18
00:43:45,5.67,30.16
00:43:50,5.67,30.17
00:43:55,5.67,30.16
00:44:00,5.67,30.29
00:44:05,5.67,30.73
00:44:10,5.67,30.73
00:44:15,5.67,30.18
00:44:20,5.67,30.18
00:44:25,5.67,30.16
00:44:30,5.67,30.16
00:44:35,5.67,30.73
00:44:40,5.67,30.73
00:44:45,5.67,30.16
00:44:50,5.67,30.17
00:44:55,5.67,30.16
00:45:00,5.87,30.29
00:45:05,5.87,30.73
00:45:10,5.87,30.18
00:45:15,5.87,30.18
00:45:20,5.87,30.18
00:45:25,5.87,30.73
00:45:30,5.87,30.48
00:45:35,6.09,30.18
00:45:40,6.09,30.16
00:45:45,6.09,30.73
00:45:50,6.09,30.18
00:45:55,6.09,30.18
00:46:00,6.09,30.65
00:46:06,6.30,30.73
00:46:11,6.30,30.17
00:46:16,6.30,30.16
00:46:21,6.30,30.18
00:46:26,6.31,30.73
00:46:31,6.31,30.53
00:46:36,6.31,30.16
00:46:41,6.52,30.73
00:46:46,6.52,30.16
00:46:51,6.52,30.16
00:46:56,6.52,30.16
00:47:01,6.52,30.75
00:47:06,6.52,30.17
00:47:11,6.52,30.17
00:47:16,6.52,30.18
00:47:21,6.74,30.18
00:47:26,6.74,30.98
